-- ============================================================
-- Seed Data for 福音與牧養管理系統
-- Run this AFTER schema.sql and rls.sql
-- ============================================================

-- ============================================================
-- Insert Hierarchies
-- ============================================================

-- 大區 (Region)
INSERT INTO hierarchies (id, name_zh_hant, name_zh_hans, level, sort_order) VALUES
('11111111-1111-1111-1111-111111111111', '沙田大區', '沙田大区', 'region', 1);

-- 小區 (Sub-region)
INSERT INTO hierarchies (id, name_zh_hant, name_zh_hans, level, parent_id, sort_order) VALUES
('22222222-2222-2222-2222-222222222221', '火炭一區', '火炭一区', 'sub_region', '11111111-1111-1111-1111-111111111111', 1),
('22222222-2222-2222-2222-222222222222', '大埔仔區', '大埔仔区', 'sub_region', '11111111-1111-1111-1111-111111111111', 2);

-- 小排 (Group)
INSERT INTO hierarchies (id, name_zh_hant, name_zh_hans, level, parent_id, sort_order) VALUES
('33333333-3333-3333-3333-333333333331', '火炭一排', '火炭一排', 'group', '22222222-2222-2222-2222-222222222221', 1),
('33333333-3333-3333-3333-333333333332', '火炭二排', '火炭二排', 'group', '22222222-2222-2222-2222-222222222221', 2),
('33333333-3333-3333-3333-333333333333', '大專排', '大专排', 'group', '22222222-2222-2222-2222-222222222222', 3),
('33333333-3333-3333-3333-333333333334', '青年排', '青年排', 'group', '22222222-2222-2222-2222-222222222222', 4);

-- ============================================================
-- Insert Sample Members (Gospel Friends)
-- ============================================================

INSERT INTO members (name_zh_hant, name_zh_hans, phone, address_zh_hant, address_zh_hans, occupation_zh_hant, occupation_zh_hans, type, status, hierarchy_id, notes_zh_hant, notes_zh_hans) VALUES
('王明德', '王明德', '9123-4567', '沙田火炭禾香街12號', '沙田火炭禾香街12号', '軟件工程師', '软件工程师', 'gospel', '有尋求', '33333333-3333-3333-3333-333333333334', '對福音有興趣，喜歡討論人生意義相關話題', '对福音有兴趣，喜欢讨论人生意义相关话题'),
('林雅婷', '林雅婷', '9234-5678', '沙田火炭城河街20號', '沙田火炭城河街20号', '教師', '教师', 'gospel', '柔軟敞開', '33333333-3333-3333-3333-333333333333', '曾在教會參加聚會，對聖經有基礎認識', '曾在教会参加聚会，对圣经有基础认识'),
('陳志偉', '陈志伟', '9345-6789', '沙田大圍積存街8號', '沙田大围积存街8号', '商人', '商人', 'gospel', '平安之子', '33333333-3333-3333-3333-333333333331', '朋友介紹，第一次接觸福音', '朋友介绍，第一次接触福音'),
('黃美玲', '黄美玲', '9456-7890', '沙田火炭桂地街15號', '沙田火炭桂地街15号', '護士', '护士', 'gospel', '初接觸', '33333333-3333-3333-3333-333333333334', '同事邀請，對信仰持開放態度', '同事邀请，对信仰持开放态度');

-- ============================================================
-- Insert Sample Members (New Believers)
-- ============================================================

INSERT INTO members (name_zh_hant, name_zh_hans, phone, address_zh_hant, address_zh_hans, occupation_zh_hant, occupation_zh_hans, type, status, hierarchy_id, birthday) VALUES
('劉恩典', '刘恩典', '9567-8901', '沙田火炭禾寮街25號', '沙田火炭禾寮街25号', '會計師', '会计师', 'new_believer', '晨興建立中', '33333333-3333-3333-3333-333333333334', '1995-03-15'),
('張信恩', '张信恩', '9678-9012', '沙田大圍成運街30號', '沙田大围成运街30号', '學生', '学生', 'new_believer', '穩定家聚會', '33333333-3333-3333-3333-333333333333', '2000-07-22'),
('周慕義', '周慕义', '9789-0123', '沙田火炭山尾街18號', '沙田火炭山尾街18号', '工程師', '工程师', 'new_believer', '剛受浸', '33333333-3333-3333-3333-333333333331', '1988-11-08');

-- ============================================================
-- Insert Sample Materials
-- ============================================================

INSERT INTO materials (title_zh_hant, title_zh_hans, category, type, suitable_for, cover_color, file_url) VALUES
('人生的奧秘', '人生的奥秘', 'gospel', 'pdf', '初接觸', 'from-emerald-400 to-teal-500', NULL),
('初信讀本第一課', '初信读本第一课', 'new_believer', 'pdf', '剛受浸', 'from-blue-400 to-indigo-500', NULL),
('晨興聖言導讀', '晨兴圣言导读', 'life_course', 'article', '晨興建立中', 'from-amber-400 to-orange-500', NULL),
('詩歌 - 主愛長闊高深', '诗歌 - 主爱长阔高深', 'hymns', 'audio', '全部對象', 'from-pink-400 to-rose-500', NULL),
('神的經綸', '神的经纶', 'gospel', 'pdf', '有尋求', 'from-cyan-400 to-blue-500', NULL),
('生命課程第一篇', '生命课程第一篇', 'life_course', 'video', '穩定家聚會', 'from-violet-400 to-purple-500', NULL),
('福音問答集', '福音问答集', 'gospel', 'article', '柔軟敞開', 'from-green-400 to-emerald-500', NULL),
('詩歌 - 十架的愛', '诗歌 - 十架的爱', 'hymns', 'audio', '福音朋友', 'from-red-400 to-pink-500', NULL);

-- ============================================================
-- Insert Sample Prayers
-- ============================================================

INSERT INTO prayers (title_zh_hant, title_zh_hans, content_zh_hant, content_zh_hans, category, is_urgent, hierarchy_id) VALUES
('王弟兄的家人得救', '王弟兄的家人得救', '為王弟兄的家人代禱，求主柔軟他們的心，特別是他的父親，願主的愛充滿他們全家，使他們能接受主的救恩。', '为王弟兄的家人代祷，求主柔软他们的心，特别是他的父亲，愿主的爱充满他们全家，使他们能接受主的救恩。', 'gospel', false, '33333333-3333-3333-3333-333333333334'),
('陳姊妹健康恢復', '陈姊妹健康恢复', '陳姊妹近日身體不適，需要休養。求主醫治她的身體，賜她平安與力量，能早日恢復健康參加聚會。', '陈姊妹近日身体不适，需要休养。求主医治她的身体，赐她平安与力量，能早日恢复健康参加聚会。', 'urgent', true, '22222222-2222-2222-2222-222222222221'),
('林小羊穩定聚會', '林小羊稳定聚会', '為林弟兄代禱，他剛受浸兩個月，目前工作繁忙。求主保守他的心志，能穩定參加小排和主日聚會。', '为林弟兄代祷，他刚受浸两个月，目前工作繁忙。求主保守他的心志，能稳定参加小排和主日聚会。', 'new_believers', false, '33333333-3333-3333-3333-333333333333'),
('黃姊妹家庭和睦', '黄姊妹家庭和睦', '黃姊妹與丈夫近期有些摩擦，求主賜下智慧和愛，使他們的關係能夠更新，家庭充滿主的平安。', '黄姊妹与丈夫近期有些摩擦，求主赐下智慧和爱，使他们的关系能够更新，家庭充满主的平安。', 'family', false, '22222222-2222-2222-2222-222222222221'),
('福音出訪有果效', '福音出访有果效', '為本週六下午的福音出訪代禱，求主預備敞開的心，讓我們能接觸到平安之子，將福音傳給他們。', '为本周六下午的福音出访代祷，求主预备敞开的心，让我们能接触到平安之子，将福音传给他们。', 'serving', false, '11111111-1111-1111-1111-111111111111');

-- ============================================================
-- Insert Sample Activities
-- ============================================================

INSERT INTO activities (type, description_zh_hant, description_zh_hans, member_id) VALUES
('home_gathering', '與王弟兄在他家中有美好的家聚會，一同享受馬太福音第五章', '与王弟兄在他家中有美好的家聚会，一同享受马太福音第五章', (SELECT id FROM members WHERE name_zh_hant = '王明德' LIMIT 1)),
('gospel', '在咖啡廳與林姊妹分享福音，使用人生的奧秘小冊子', '在咖啡厅与林姊妹分享福音，使用人生的奥秘小册子', (SELECT id FROM members WHERE name_zh_hant = '林雅婷' LIMIT 1)),
('bible_reading', '陪讀約翰福音第一章，王弟兄對於「太初有話」很有興趣', '陪读约翰福音第一章，王弟兄对于「太初有话」很有兴趣', (SELECT id FROM members WHERE name_zh_hant = '王明德' LIMIT 1)),
('morning_revival', '帶劉弟兄一起晨興，分享晨興聖言', '带刘弟兄一起晨兴，分享晨兴圣言', (SELECT id FROM members WHERE name_zh_hant = '劉恩典' LIMIT 1));

-- ============================================================
-- Note: Profiles are auto-created when users sign up via the trigger
-- ============================================================

-- To manually assign hierarchy to a user after they sign up:
-- UPDATE profiles SET hierarchy_id = '33333333-3333-3333-3333-333333333334', hierarchy_level = '小排' WHERE id = 'user-uuid';
